{"cameraMode":{"drawMode":0,"name":"Shaded","section":"Shading Mode"},"sceneLighting":true,"audioPlay":false,"sceneViewState":{"showFog":true,"showMaterialUpdate":false,"showSkybox":true,"showFlares":true,"showImageEffects":true,"showParticleSystems":true},"in2DMode":false,"pivot":{"x":-8.940696716308594e-8,"y":0.5453696250915527,"z":-0.00440157949924469},"rotation":{"x":0.22339145839214326,"y":-0.013164403848350048,"z":0.00301170302554965,"w":0.9746493697166443},"size":0.6563144326210022,"orthographic":false}