{"cameraMode":{"drawMode":0,"name":"Shaded","section":"Shading Mode"},"sceneLighting":true,"audioPlay":false,"sceneViewState":{"showFog":true,"showMaterialUpdate":false,"showSkybox":true,"showFlares":true,"showImageEffects":true,"showParticleSystems":true},"in2DMode":false,"pivot":{"x":53.42456817626953,"y":0.5443370342254639,"z":63.528133392333987},"rotation":{"x":0.3952689468860626,"y":-0.4938051402568817,"z":0.2686882019042969,"w":0.7264570593833923},"size":5.220156192779541,"orthographic":false}