{"cameraMode":{"drawMode":0,"name":"Shaded","section":"Shading Mode"},"sceneLighting":true,"audioPlay":false,"sceneViewState":{"showFog":true,"showMaterialUpdate":false,"showSkybox":true,"showFlares":true,"showImageEffects":true,"showParticleSystems":true},"in2DMode":false,"pivot":{"x":49.628761291503909,"y":0.5891275405883789,"z":72.67915344238281},"rotation":{"x":0.09604986011981964,"y":-0.17964711785316468,"z":0.01762775331735611,"w":0.9788740277290344},"size":1.1023863554000855,"orthographic":false}