{"cameraMode":{"drawMode":0,"name":"Shaded","section":"Shading Mode"},"sceneLighting":true,"audioPlay":false,"sceneViewState":{"showFog":true,"showMaterialUpdate":false,"showSkybox":true,"showFlares":true,"showImageEffects":true,"showParticleSystems":true},"in2DMode":false,"pivot":{"x":55.12238311767578,"y":-0.5299229621887207,"z":70.60569763183594},"rotation":{"x":0.13181357085704804,"y":-0.041631150990724567,"z":0.005499156657606363,"w":0.9904149770736694},"size":2.4570837020874025,"orthographic":false}